node_a;node_b;cost
0;1;0.7071067812
0;2;0.7071067812
0;3;0.7071067812
0;4;0.7071067812
1;2;1
1;3;1.4142135624
1;4;1
2;3;1
2;4;1.4142135624
3;4;1