route_id;vehicle_id;route;cost
0;0;[0, 1.0, 2.0, 0];2.4142135624
1;1;[0, 3.0, 4.0, 0];2.4142135624