route_id;vehicle_id;route;cost
0;0;[0, 1.0, 2.0, 3.0, 4.0, 5.0, 0];16.61276740976927
1;1;[0, 6.0, 7.0, 8.0, 9.0, 10.0, 0];23.511098366482095
2;2;[0, 11.0, 12.0, 13.0, 14.0, 15.0, 16.0, 17.0, 18.0, 19.0, 0];31.720080139546614
