node_a;node_b;cost
0;1;1
0;2;1
0;3;1
0;4;1
0;5;1
0;6;1
1;2;1
1;3;1.7320508076
1;4;2
1;5;1.7320508076
1;6;1
2;3;1
2;4;1.7320508076
2;5;2
2;6;1.7320508076
3;4;1
3;5;1.7320508076
3;6;2
4;5;1
4;6;1.7320508076
5;6;1